"","X","LGA","variable.x","Homicides","Assaults","Sexual Offences","Abductions","Robberies","Blackmail","A70.Stalking..harassment.and.threatening.behaviour","A80.Dangerous.and.negligent.acts.endangering.people","B10.Arson","B20.Property.damage","B30.Burglary.Break.and.enter","B40.Theft","B50.Deception","B60.Bribery","Drug.Dealing","C20.Cultivate.or.manufacture.drugs","C30.Drug.use.and.possession","C90.Other.drug.offences","D10.Weapons.and.explosives.offences","D20.Disorderly.and.offensive.conduct","D30.Public.nuisance.offences","D40.Public.security.offences","E10.Justice.procedures","E20.Breaches.of.orders","F10.Regulatory.driving.offences","F20.Transport.regulation.offences","F30.Other.government.regulatory.offences","F90.Miscellaneous.offences","variable.y","X..Employment.to.population","X..Labour.force.participation","Unemployment.Rate","Advanced.Diploma.and.Diploma.Level","Bachelor.Degrees","Certificate.Education","Certificate.III...IV.Level","Certificate.Level..nfd","Employed..away.from.work","Employed..worked.full.time","Employed..worked.part.time","Graduate.Diploma.and.Graduate.Certificate.Level","Lived.at.different.address.1.year.ago","Lived.at.different.address.5.years.ago","Lived.at.same.address.1.year.ago","Lived.at.same.address.5.years.ago","Not.in.the.labour.force","Persons.aged.15.years.and.over","Postgraduate.Degree.Level","Total.Certificate.Level","Total.Labour.Force","Unemployed..looking.for.work","Region","X2007.08","X2008.09","X2009.10","X2010.11","X2011.12","X2012.13","X2013.14","X2014.15","X2015.16","Drug.Hospitalisations","All","variable","X.1..199.......","Low.Income.Households","High.Income.Households","X.200..299...","X.300..399","X.400..599","X.600..799","X.800..999."
"1",1,"ALPINE","as.numeric(as.character(cr2$Incidents.Recorded))",8,323,107,1,1,NA,51,41,43,506,327,786,84,NA,43,48,144,NA,115,294,30,NA,26,162,2,22,25,18,"Value",52.9,54.9,3.8,984,1114,130,1991,211,400,3005,2088,265,1418,3650,9717,7094,3807,10384,220,2329,5705,216,"hume",7,18,7,11,19,9,NA,11,19,18,3207,"as.numeric(as.character(inc$Value))",1590,1294,474,2778,2868,3098,2400,1636
"2",2,"ARARAT","as.numeric(as.character(cr2$Incidents.Recorded))",6,1175,201,5,5,NA,152,119,140,1429,660,1858,168,NA,72,27,349,NA,233,699,87,NA,220,672,2,4,29,19,"Value",48.2,50.7,5.2,769,749,106,1620,164,316,2726,1676,157,1315,3076,8578,6390,4158,9798,96,1893,4972,257,"grampians",17,12,14,22,14,15,20,17,32,27,8331,"as.numeric(as.character(inc$Value))",1314,1146,467,2270,2506,2794,2358,1428
"3",3,"BALLARAT","as.numeric(as.character(cr2$Incidents.Recorded))",20,7543,1496,64,247,20,887,660,1014,4037,11431,17800,2381,1,372,162,1278,4,1340,2959,184,7,1028,4984,4,15,107,38,"Value",54.4,58.5,7.1,6969,10556,1048,14646,1270,2571,25472,16673,2275,15741,39718,76451,48543,28977,82219,2747,16964,48127,3415,"grampians",100,137,143,125,148,172,147,218,202,312,60083,"as.numeric(as.character(inc$Value))",12210,11318,5509,18544,17936,20514,17582,13074
"4",4,"BANYULE","as.numeric(as.character(cr2$Incidents.Recorded))",18,5272,902,52,344,22,996,452,479,7967,9603,18516,2347,1,313,136,1318,NA,860,990,247,3,674,6889,5,44,49,27,"Value",59,62.4,5.5,9683,20555,709,12859,1693,2846,35554,20514,3767,14661,38022,97542,70078,32622,99850,7472,15261,62344,3429,"north/west",183,145,223,142,157,154,181,289,241,301,58526,"as.numeric(as.character(inc$Value))",15470,16762,9962,18006,17930,22114,18818,16326
"5",5,"BASS COAST","as.numeric(as.character(cr2$Incidents.Recorded))",14,2373,451,19,30,1,501,257,211,2749,2278,5221,447,1,150,115,599,1,286,1284,110,1,246,1184,3,27,94,25,"Value",45.7,48.8,6.4,2466,2531,319,5421,589,988,6292,5259,583,4954,12304,24722,16160,11979,27459,532,6327,13400,857,"gippsland",42,91,38,33,38,49,54,60,76,91,18678,"as.numeric(as.character(inc$Value))",3586,3032,1141,6688,6602,7686,5526,3408
"6",6,"BAW BAW","as.numeric(as.character(cr2$Incidents.Recorded))",12,2453,546,14,41,4,558,256,353,2894,2417,6622,759,NA,256,102,742,NA,606,1069,92,NA,272,1383,2,122,103,30,"Value",54.2,57.4,5.5,3502,3771,480,8404,733,1346,12364,7548,881,6575,17368,37245,24653,13956,39188,808,9616,22495,1235,"gippsland",42,29,31,39,29,45,68,46,89,86,21708,"as.numeric(as.character(inc$Value))",5504,4952,2055,7908,7918,9668,7744,5626
"7",7,"BAYSIDE","as.numeric(as.character(cr2$Incidents.Recorded))",16,2196,498,26,203,22,453,146,158,5234,6014,12957,1275,NA,143,61,902,5,527,995,105,3,217,1242,1,32,43,13,"Value",58.5,61.3,4.6,8392,20665,463,6248,1367,1989,27559,16443,3068,13149,34667,75929,52089,26182,78669,7010,8073,48202,2215,"southern",135,116,78,87,143,192,259,287,317,291,33487,"as.numeric(as.character(inc$Value))",10992,10980,5240,9476,10884,14168,11820,9882
"8",8,"BENALLA","as.numeric(as.character(cr2$Incidents.Recorded))",10,1215,255,10,7,NA,191,104,189,1520,792,2019,217,2,63,64,293,NA,221,329,94,NA,126,640,1,10,68,20,"Value",48.4,51.1,5.3,1053,939,174,2249,221,402,3240,2012,224,1678,4276,10766,7745,4784,11686,182,2641,5974,319,"hume",20,30,25,41,25,20,21,35,34,32,8460,"as.numeric(as.character(inc$Value))",1964,1584,482,2894,3252,3404,2826,1806
"9",9,"BOROONDARA","as.numeric(as.character(cr2$Incidents.Recorded))",18,2999,799,52,375,25,566,272,263,6781,11596,12360,2153,1,221,68,1198,2,573,1731,214,6,326,1268,3,27,37,20,"Value",59.4,62.9,5.6,12170,41894,626,7790,1788,3507,49766,28984,6066,26540,66101,128024,85258,44498,138430,17023,10211,87099,4837,"eastern",160,204,220,177,276,222,372,334,353,359,43954,"as.numeric(as.character(inc$Value))",20532,20810,10785,16360,17182,23148,20632,19006
"10",10,"BRIMBANK","as.numeric(as.character(cr2$Incidents.Recorded))",75,11345,1459,144,1866,44,1560,828,1251,348,6236,15443,5765,4,1688,580,3384,2,2657,2104,272,6,1488,8886,6,131,55,33,"Value",50.5,56.4,10.4,12681,19191,1465,19776,2543,4696,48442,26894,1716,22014,57237,155106,111473,59015,158457,4398,23781,89293,9257,"north/west",183,217,198,273,289,373,503,569,606,608,67660,"as.numeric(as.character(inc$Value))",25904,20618,7998,42348,29264,31900,32786,24870
"11",11,"BULOKE","as.numeric(as.character(cr2$Incidents.Recorded))",4,217,77,NA,1,NA,33,40,29,349,286,592,30,NA,9,12,31,NA,48,108,24,NA,14,43,NA,3,12,9,"Value",47.7,49.9,4.4,324,386,71,900,63,158,1453,871,83,541,1392,4968,3941,2077,5206,44,1033,2597,113,"loddon",8,NA,7,NA,5,NA,5,11,5,6,1971,"as.numeric(as.character(inc$Value))",780,652,177,1526,1678,1624,1182,724
"12",12,"CAMPASPE","as.numeric(as.character(cr2$Incidents.Recorded))",12,2061,510,16,37,3,261,197,312,3368,3129,7121,468,NA,134,100,434,NA,434,1382,129,NA,367,1541,2,16,47,40,"Value",52.4,55.1,4.9,2201,2239,367,6092,524,1109,9309,5530,448,4004,10963,29429,20963,11261,30424,291,6977,16769,824,"loddon",26,21,32,37,34,43,50,66,70,114,22121,"as.numeric(as.character(inc$Value))",4584,3880,1327,7368,7862,8974,6734,4800
"13",13,"CARDINIA","as.numeric(as.character(cr2$Incidents.Recorded))",30,4194,768,59,128,15,833,450,592,5632,5848,13411,1240,1,256,161,1108,1,880,947,194,6,521,2074,1,74,73,37,"Value",62.1,65.7,5.5,7247,7110,896,16083,1365,2400,28036,14521,1250,13961,38105,71866,42703,20541,72402,1625,18346,47551,2601,"southern",60,56,62,81,88,83,182,184,179,293,39534,"as.numeric(as.character(inc$Value))",9098,10454,4374,10698,10612,13598,13394,11424
"14",14,"CASEY","as.numeric(as.character(cr2$Incidents.Recorded))",70,14595,2392,176,883,63,2500,1323,1789,841,10007,16894,5235,3,913,355,3021,1,2036,2140,340,13,1427,6268,6,102,78,59,"Value",59.6,64.2,7.2,23695,27078,2516,40256,4228,6982,87660,43279,3275,40366,109877,234614,150252,70923,231449,7967,47003,148579,10663,"southern",254,391,215,260,276,310,409,738,817,826,73530,"as.numeric(as.character(inc$Value))",32492,34810,13783,37642,33350,43146,48572,39398
"15",15,"CENTRAL GOLDFIELDS","as.numeric(as.character(cr2$Incidents.Recorded))",4,1150,240,9,10,2,208,100,151,1357,801,1821,211,NA,38,41,183,NA,214,427,81,3,165,760,1,3,36,16,"Value",39.7,43.5,8.9,650,604,149,2190,201,280,2319,1757,112,1479,3902,10352,7487,5434,10982,103,2541,4776,423,"loddon",26,21,20,30,22,23,29,31,29,31,8032,"as.numeric(as.character(inc$Value))",1552,902,250,3904,3734,3352,2458,1314
"16",16,"COLAC-OTWAY","as.numeric(as.character(cr2$Incidents.Recorded))",16,1358,330,9,19,2,232,105,97,1764,1471,3100,294,NA,110,57,366,NA,268,807,71,NA,173,623,1,19,40,102,"Value",55.2,57.6,4,1408,1468,198,3359,322,652,5263,3629,254,2441,6156,16603,11998,6054,17277,279,3881,9946,398,"barwon",18,30,22,28,38,26,34,37,39,49,11434,"as.numeric(as.character(inc$Value))",2620,2324,719,3818,4166,5158,4140,3006
"17",17,"CORANGAMITE","as.numeric(as.character(cr2$Incidents.Recorded))",12,599,192,4,7,2,119,107,62,782,917,1625,155,NA,60,49,132,NA,137,186,34,1,60,257,1,6,11,10,"Value",54.6,56.8,4,923,1041,154,2330,212,514,4267,2381,194,1549,3982,12900,9785,4605,13125,134,2697,7457,296,"barwon",26,30,25,33,43,22,20,31,31,43,5527,"as.numeric(as.character(inc$Value))",2062,1778,609,3156,3556,3852,3168,2080
"18",18,"DAREBIN","as.numeric(as.character(cr2$Incidents.Recorded))",41,7007,1172,80,951,35,1225,703,814,5952,6245,22220,5587,9,557,203,2190,NA,1524,1959,334,5,870,3376,3,62,63,27,"Value",57,61.4,7.2,10395,25789,846,11979,1516,3459,42425,24427,4342,23781,55123,108661,72355,38725,123281,10151,14345,75743,5435,"north/west",228,231,217,234,299,207,291,327,371,431,63214,"as.numeric(as.character(inc$Value))",16492,18220,8636,27966,23970,24700,22078,18030
"19",19,"EAST GIPPSLAND","as.numeric(as.character(cr2$Incidents.Recorded))",22,4227,528,23,43,5,572,313,302,4576,2781,7466,589,NA,161,198,677,1,638,1796,196,NA,400,2280,3,14,102,61,"Value",44.9,47.9,6.4,3184,3007,514,7573,782,1338,8910,6756,675,5532,14332,34626,24099,16297,37892,524,8878,18156,1153,"gippsland",87,79,81,91,89,103,91,102,157,173,27974,"as.numeric(as.character(inc$Value))",5302,4040,1279,10554,10142,10720,8358,5180
"20",20,"FRANKSTON","as.numeric(as.character(cr2$Incidents.Recorded))",34,9485,1511,82,555,14,1339,971,1109,4060,10843,19583,4425,1,883,305,2806,1,2925,5106,431,8,1746,9456,5,74,145,47,"Value",58.1,62.1,6.4,11147,11407,1272,22255,2184,3336,39165,20908,2028,16894,47056,104271,68996,34260,109114,2419,25716,67772,4365,"southern",130,123,183,272,260,370,509,622,720,875,77950,"as.numeric(as.character(inc$Value))",15444,18040,7249,20578,21606,25394,23954,20006
"21",21,"GANNAWARRA","as.numeric(as.character(cr2$Incidents.Recorded))",10,568,122,3,2,1,90,57,74,705,509,1105,83,NA,42,36,121,NA,118,344,54,2,52,404,1,8,15,9,"Value",49.7,52.1,4.8,550,550,115,1642,132,295,2536,1574,93,944,2708,8594,6442,3581,8870,55,1900,4617,220,"loddon",11,7,10,10,10,9,9,5,15,20,4535,"as.numeric(as.character(inc$Value))",1306,904,302,2442,2598,2762,2066,1184
"22",22,"GLEN EIRA","as.numeric(as.character(cr2$Incidents.Recorded))",16,3369,743,33,398,13,615,184,281,6948,8814,16507,2412,6,271,80,1220,1,655,1458,140,8,280,1466,3,52,80,14,"Value",60.5,64.2,5.8,11164,31048,572,9740,1736,3002,42863,23767,4293,22233,54897,107702,70517,35472,115105,11388,12049,73909,4278,"southern",191,228,184,238,200,199,285,498,538,670,46067,"as.numeric(as.character(inc$Value))",15026,17730,9125,16612,17514,22262,19822,17314
"23",23,"GLENELG","as.numeric(as.character(cr2$Incidents.Recorded))",12,1250,301,3,12,1,145,146,202,2581,1361,3603,190,NA,102,73,374,NA,277,676,117,1,196,852,NA,14,50,20,"Value",50.7,54,6,1144,1101,247,3282,290,635,4649,3027,240,1938,5215,15639,11651,6158,16377,160,3823,8837,526,"barwon",33,50,41,52,82,81,43,61,92,81,12559,"as.numeric(as.character(inc$Value))",2740,2048,829,4296,4358,4128,3422,2340
"24",24,"GOLDEN PLAINS","as.numeric(as.character(cr2$Incidents.Recorded))",10,367,122,3,1,1,53,60,128,399,1058,1427,78,NA,32,24,41,NA,52,41,47,NA,39,167,NA,3,7,15,"Value",60.8,63.8,4.7,1582,1663,220,3912,330,657,5981,3557,402,2107,6722,17927,12200,5176,16769,328,4462,10699,501,"grampians",12,13,NA,11,16,15,17,19,19,27,4175,"as.numeric(as.character(inc$Value))",2528,2372,957,3254,2834,3572,3370,2556
"25",25,"GREATER BENDIGO","as.numeric(as.character(cr2$Incidents.Recorded))",25,5863,1410,39,167,9,883,585,776,7575,6186,19138,1833,3,506,191,1478,NA,1173,3220,422,4,994,5196,6,42,175,55,"Value",54.5,58.2,6.4,7320,10134,1152,17280,1603,3000,27652,18021,2255,15484,40302,84267,54838,31074,89283,2187,20038,52001,3328,"loddon",87,58,69,56,126,188,217,212,230,380,57954,"as.numeric(as.character(inc$Value))",13712,12218,4742,19528,19654,22986,19734,13690
"26",26,"GREATER DANDENONG","as.numeric(as.character(cr2$Incidents.Recorded))",62,12667,1810,156,1214,50,1782,959,1013,1377,15041,15015,5282,4,1094,304,4172,2,3072,5812,355,10,1833,8482,7,106,208,54,"Value",48.4,53.9,10.3,10744,14782,1128,13919,1912,3308,37340,19657,1302,22766,56698,116089,75345,49783,124599,4501,16956,67196,6897,"southern",154,179,180,275,192,271,327,425,585,695,81943,"as.numeric(as.character(inc$Value))",19168,13122,4734,32460,24302,26992,27378,18168
"27",27,"GREATER GEELONG","as.numeric(as.character(cr2$Incidents.Recorded))",60,10924,2119,86,610,21,1702,1010,1668,519,7442,15472,4428,3,793,373,2046,6,2195,6431,421,11,1374,6937,5,72,200,47,"Value",54.2,57.9,6.4,18229,25165,2019,34746,3300,5949,58999,38630,4472,34133,86213,177291,117028,69055,191166,6141,40066,110631,7057,"barwon",166,151,185,238,303,326,881,475,660,816,66975,"as.numeric(as.character(inc$Value))",27644,26332,11175,41346,39664,44840,36864,27642
"28",28,"GREATER SHEPPARTON","as.numeric(as.character(cr2$Incidents.Recorded))",31,5176,888,55,131,19,699,484,702,7013,6979,14664,1408,1,389,214,1610,1,1315,2739,231,2,524,4207,3,25,108,40,"Value",52.8,56.4,6.4,3955,4348,588,8790,792,1714,16278,8985,968,8187,20325,48393,33577,18031,51131,922,10166,28828,1857,"hume",56,64,78,103,98,84,112,138,171,193,49658,"as.numeric(as.character(inc$Value))",7572,6972,2449,11394,10880,13526,11804,8366
"29",29,"HEPBURN","as.numeric(as.character(cr2$Incidents.Recorded))",6,564,132,9,9,2,113,57,150,794,1160,1836,96,NA,29,33,78,NA,62,111,28,1,47,240,NA,13,11,15,"Value",49.1,51.8,5.2,1315,1630,141,2145,246,492,3250,2603,398,1654,4597,12004,8533,5060,12934,524,2526,6696,345,"grampians",9,21,15,18,13,17,20,12,29,27,5596,"as.numeric(as.character(inc$Value))",1894,1526,529,3230,3404,3616,2580,1830
"30",30,"HINDMARSH","as.numeric(as.character(cr2$Incidents.Recorded))",2,266,75,1,1,1,56,27,34,264,224,415,28,NA,11,18,150,NA,57,72,12,NA,16,116,1,3,9,5,"Value",47.3,50,5.1,329,333,71,817,78,145,1410,741,60,520,1500,4691,3506,2080,4859,50,965,2429,124,"grampians",10,NA,10,5,10,7,10,6,12,10,1864,"as.numeric(as.character(inc$Value))",662,518,198,1272,1606,1554,1240,702
"31",31,"HOBSONS BAY","as.numeric(as.character(cr2$Incidents.Recorded))",19,4325,684,58,413,11,711,391,398,7305,6810,20322,2109,3,319,130,1012,NA,896,1416,190,5,461,1962,5,80,59,35,"Value",58,62,6.5,6531,12675,528,9630,1174,2144,26968,12865,2059,11738,29805,69145,47712,23339,72429,4210,11328,44911,2931,"north/west",86,80,81,90,122,147,168,201,207,234,50129,"as.numeric(as.character(inc$Value))",10198,10992,5307,14912,13420,13970,13158,11232
"32",32,"HORSHAM","as.numeric(as.character(cr2$Incidents.Recorded))",8,2013,345,16,16,1,286,119,186,2543,1378,3432,369,NA,97,42,684,NA,357,1006,156,NA,244,1377,2,6,48,53,"Value",57.3,60.2,4.9,1390,1479,227,3068,276,579,5285,3252,309,2548,6352,15481,10876,5421,15913,282,3568,9585,468,"grampians",23,17,23,32,29,27,32,28,37,31,14784,"as.numeric(as.character(inc$Value))",2312,2402,828,3538,3952,4540,4236,2884
"33",33,"HUME","as.numeric(as.character(cr2$Incidents.Recorded))",65,11984,1759,194,822,74,2265,1214,2010,377,9954,13273,5484,7,821,382,3232,1,2916,1639,404,8,1847,8683,5,156,92,66,"Value",52.8,57.8,8.7,13759,16075,1643,23413,2684,4588,49915,26526,2072,26211,66692,154035,103450,55708,153462,4502,27733,88775,7756,"north/west",182,159,142,218,258,229,275,354,407,463,69734,"as.numeric(as.character(inc$Value))",24350,20022,7989,33094,24524,28734,28504,22712
"34",34,"INDIGO","as.numeric(as.character(cr2$Incidents.Recorded))",12,356,127,4,7,1,57,52,88,417,545,1092,94,1,25,22,120,NA,101,248,34,NA,27,124,2,7,21,11,"Value",57.1,59.7,4.3,1287,1542,160,2598,224,531,4284,2668,404,1706,4674,12817,9287,4475,13104,385,2991,7821,333,"hume",NA,8,5,5,10,16,11,11,16,14,3595,"as.numeric(as.character(inc$Value))",2084,2030,714,2530,2914,3222,2840,2208
"35",35,"KINGSTON","as.numeric(as.character(cr2$Incidents.Recorded))",23,5644,1042,55,505,21,966,411,457,7461,9436,21223,3547,1,464,178,2006,3,1327,2436,214,4,738,4487,9,105,181,30,"Value",59.5,62.9,5.4,13165,21736,997,17539,2254,3542,46192,24369,3247,19167,51030,119798,83204,39402,124594,6502,20790,78347,4247,"southern",93,162,221,261,169,179,313,448,580,478,62974,"as.numeric(as.character(inc$Value))",17768,20080,9195,22220,22938,26780,24682,20284
"36",36,"KNOX","as.numeric(as.character(cr2$Incidents.Recorded))",22,5862,1275,67,451,30,859,569,648,6443,8854,21064,3331,2,630,206,2062,2,1378,1670,221,4,727,2946,2,68,122,33,"Value",60.9,64.5,5.6,13103,19918,1148,21197,2361,3618,47880,25844,2757,16614,45486,126701,93189,39952,127047,5719,24705,81929,4584,"eastern",221,274,179,172,243,385,321,388,474,389,59548,"as.numeric(as.character(inc$Value))",21184,22072,9594,21962,21988,28148,27100,23394
"37",37,"LATROBE","as.numeric(as.character(cr2$Incidents.Recorded))",29,10343,1433,104,253,24,2035,981,1168,1690,7764,19472,2298,3,547,230,1692,1,1600,3847,509,7,1033,8063,2,31,119,60,"Value",49.2,54.4,9.7,4450,4685,833,13160,1044,1902,16856,10736,891,8728,22103,56463,40386,22395,59998,911,15033,32646,3157,"gippsland",60,72,99,134,115,125,161,155,269,381,65338,"as.numeric(as.character(inc$Value))",9550,7668,3196,15328,14906,15048,11318,8010
"38",38,"LODDON","as.numeric(as.character(cr2$Incidents.Recorded))",6,382,114,8,1,NA,66,32,75,402,467,886,36,NA,20,20,79,NA,73,116,21,NA,44,124,NA,13,10,17,"Value",45,47.3,5.3,427,405,73,1116,103,232,1673,939,86,540,1698,6056,4639,2629,6322,46,1298,2993,158,"loddon",NA,8,7,NA,7,NA,8,16,10,24,3012,"as.numeric(as.character(inc$Value))",1006,590,154,2118,2134,1802,1334,816
"39",39,"MACEDON RANGES","as.numeric(as.character(cr2$Incidents.Recorded))",14,1880,358,10,14,4,304,184,314,2319,1893,4026,425,NA,110,43,464,NA,325,397,129,1,218,948,NA,77,45,30,"Value",59.3,62,4.4,3815,5390,373,6664,753,1245,12691,7806,1219,5065,14243,36973,25857,11408,36659,1456,7786,22739,1002,"loddon",19,21,18,23,33,45,44,61,49,49,14532,"as.numeric(as.character(inc$Value))",5744,5480,2298,5886,6004,7800,6488,5486
"40",40,"MANNINGHAM","as.numeric(as.character(cr2$Incidents.Recorded))",16,2405,535,39,148,30,522,201,232,3761,5586,13479,1732,3,187,102,757,1,391,412,127,8,192,1016,3,11,24,17,"Value",54.2,57.7,6.1,9495,21529,555,9571,1711,2343,31346,19130,2705,13778,36122,94877,69643,37151,97529,7264,11839,56269,3452,"eastern",81,91,86,100,115,191,289,333,255,252,31937,"as.numeric(as.character(inc$Value))",16054,14172,6622,17756,16034,20732,17730,14208
"41",41,"MANSFIELD","as.numeric(as.character(cr2$Incidents.Recorded))",10,320,81,2,1,1,63,50,55,508,367,1018,67,NA,24,18,104,NA,155,250,30,1,38,191,2,154,39,32,"Value",53.6,55.5,3.4,647,746,80,1531,157,237,2084,1460,157,1296,2993,6429,4409,2573,7049,151,1778,3913,132,"hume",21,14,12,10,11,14,14,20,11,15,3581,"as.numeric(as.character(inc$Value))",1064,864,334,1570,1528,1934,1524,1154
"42",42,"MARIBYRNONG","as.numeric(as.character(cr2$Incidents.Recorded))",35,4420,726,70,1015,22,536,215,400,6553,9270,22565,3469,5,958,121,2234,1,1469,2388,216,7,410,1875,4,56,71,16,"Value",60.3,65.7,8.3,6139,15652,484,6271,873,1990,26372,13283,2263,14720,35137,59061,35443,18711,69093,5545,7623,45402,3760,"north/west",155,115,110,112,116,163,291,224,222,249,59127,"as.numeric(as.character(inc$Value))",8508,9430,4929,13084,10878,11506,11400,9508
"43",43,"MAROONDAH","as.numeric(as.character(cr2$Incidents.Recorded))",16,4524,894,43,321,20,676,346,425,6444,6097,21375,2564,1,347,117,1247,NA,1005,1983,179,4,559,6290,5,72,99,35,"Value",61.2,64.6,5.2,9672,14826,788,14677,1707,2620,33660,18650,2659,13573,36938,88425,61042,27840,89771,4236,17170,57961,3025,"eastern",84,104,155,130,146,220,200,274,318,368,55688,"as.numeric(as.character(inc$Value))",13890,15466,6851,14812,16522,20506,18532,15408
"44",44,"MELBOURNE","as.numeric(as.character(cr2$Incidents.Recorded))",77,20003,2715,182,2347,133,2293,930,451,916,11828,14410,3929,16,1788,214,5922,5,4456,5599,1867,54,2512,4910,6,213,702,83,"Value",51.2,57.5,10.9,9134,38192,506,5198,1126,3134,41864,20153,3296,46469,89581,70812,25930,39837,127232,15601,6828,73154,8006,"north/west",167,142,183,207,230,270,332,362,416,530,88561,"as.numeric(as.character(inc$Value))",10424,14652,9616,11030,9200,12212,12586,12184
"45",45,"MELTON","as.numeric(as.character(cr2$Incidents.Recorded))",32,6250,901,84,377,20,1006,682,979,7125,10934,17124,2184,4,540,362,1158,NA,1172,945,139,3,677,2719,7,76,40,36,"Value",58.8,63.6,7.6,9319,11965,1161,17776,2070,3263,38566,18201,1443,17375,47406,104939,67475,31192,102097,2917,21005,64968,4943,"north/west",77,90,89,122,147,169,244,261,311,325,55576,"as.numeric(as.character(inc$Value))",13052,15810,6825,15162,13060,17424,19432,16712
"46",46,"MILDURA","as.numeric(as.character(cr2$Incidents.Recorded))",19,4959,696,44,140,15,620,461,540,6205,6409,12667,1136,2,363,158,1243,2,929,3982,291,2,556,3415,4,22,71,29,"Value",51.6,55.6,7.3,3088,3425,633,7703,751,1374,13573,7554,612,7408,18198,40364,27330,15480,43642,486,9087,24286,1784,"loddon",58,88,57,42,59,70,76,86,124,116,44980,"as.numeric(as.character(inc$Value))",6636,5410,1861,11186,10210,11476,9604,6586
"47",47,"MITCHELL","as.numeric(as.character(cr2$Incidents.Recorded))",18,3074,436,15,34,11,712,423,405,3162,2221,5453,790,2,140,116,831,NA,550,1097,259,4,384,1678,7,49,91,39,"Value",56.7,60.1,5.7,2816,2419,448,6885,651,1158,11436,5813,516,5630,14441,31032,20116,10262,32439,509,7989,19512,1112,"hume",39,34,26,41,39,52,45,64,89,88,22001,"as.numeric(as.character(inc$Value))",4448,4730,1833,5574,5262,6382,6076,4906
"48",48,"MOIRA","as.numeric(as.character(cr2$Incidents.Recorded))",16,1229,322,7,13,3,180,126,206,1534,1686,3285,260,NA,122,98,575,NA,242,638,45,1,124,779,1,10,35,16,"Value",49.2,51.8,5.1,1722,1546,296,4618,429,908,6997,3900,301,3635,9024,22474,15871,9557,23981,214,5346,12432,629,"hume",18,34,31,38,33,29,44,49,59,90,11553,"as.numeric(as.character(inc$Value))",3390,2824,890,6572,6448,6874,5218,3556
"49",49,"MONASH","as.numeric(as.character(cr2$Incidents.Recorded))",31,4751,1107,65,828,42,794,488,464,5955,13337,15934,3901,5,360,190,1190,2,850,1342,176,9,471,1850,3,35,46,28,"Value",52.3,56.8,8,14369,34765,863,13049,2124,3707,48525,28147,3934,31354,72023,138082,92461,59066,153720,14741,16036,87328,6956,"eastern",185,339,289,202,215,263,271,346,408,442,54254,"as.numeric(as.character(inc$Value))",24186,21248,9948,28714,25942,31286,27064,22006
"50",50,"MOONEE VALLEY","as.numeric(as.character(cr2$Incidents.Recorded))",30,5178,734,47,685,31,1012,327,309,5671,8748,19668,3234,1,411,126,2078,NA,1032,1951,249,2,522,1937,2,46,52,23,"Value",59.5,63,5.7,8772,20557,660,10842,1485,2866,36259,18636,3169,16399,40585,89803,62326,29834,97118,6516,12984,61219,3462,"north/west",212,152,238,143,128,177,222,259,343,293,54106,"as.numeric(as.character(inc$Value))",13206,15108,7560,18294,16610,17860,16188,14280
"51",51,"MOORABOOL","as.numeric(as.character(cr2$Incidents.Recorded))",14,1301,253,15,21,NA,246,204,286,1922,1980,4839,370,2,105,84,315,NA,288,429,62,2,226,799,NA,70,35,24,"Value",57.6,61.2,5.8,2318,2447,266,5222,486,866,8964,4795,525,3292,10207,25724,17523,8224,25373,618,5974,15523,895,"grampians",30,31,37,33,36,48,55,57,54,93,13892,"as.numeric(as.character(inc$Value))",3578,3684,1562,4822,4766,5240,4664,3800
"52",52,"MORELAND","as.numeric(as.character(cr2$Incidents.Recorded))",56,7372,1293,101,908,54,1236,563,721,5851,7625,17455,4610,5,485,224,1812,1,1348,1631,284,7,900,2924,2,107,57,22,"Value",58.9,63.2,6.9,11425,29491,878,13692,1743,4004,50039,26309,4708,28496,65392,119209,76589,41767,136461,11680,16313,86268,5915,"north/west",291,177,189,214,263,289,235,378,460,489,57654,"as.numeric(as.character(inc$Value))",17120,20034,10501,30082,25386,26890,23952,19744
"53",53,"MORNINGTON PENINSULA","as.numeric(as.character(cr2$Incidents.Recorded))",48,6699,1239,44,203,11,1107,768,958,5959,11246,19607,2323,4,559,301,1702,3,1141,4992,329,9,827,4150,4,101,98,51,"Value",52.7,55.4,4.9,13621,15553,1330,24222,2666,3754,37951,25796,3009,20616,56090,120837,80930,49302,128156,3524,28221,70985,3487,"southern",77,54,191,163,201,299,376,371,455,530,64483,"as.numeric(as.character(inc$Value))",17488,17370,7078,24978,27056,32964,25750,18534
"54",54,"MOUNT ALEXANDER","as.numeric(as.character(cr2$Incidents.Recorded))",10,721,167,NA,23,1,186,81,152,1084,807,1979,192,NA,56,53,205,NA,190,367,101,NA,135,695,3,11,45,26,"Value",47.4,50.1,5.4,1433,2199,145,2430,264,449,3868,3243,625,1926,5450,14287,10156,6694,15946,754,2840,7990,431,"loddon",32,20,18,14,20,28,41,61,39,62,7290,"as.numeric(as.character(inc$Value))",2342,1784,650,3744,4134,4324,3156,2282
"55",55,"MOYNE","as.numeric(as.character(cr2$Incidents.Recorded))",12,580,164,2,3,NA,83,86,82,776,515,1389,82,NA,39,33,89,NA,102,180,58,NA,35,181,1,5,11,12,"Value",58.9,61.1,3.7,1191,1340,157,2493,257,569,4580,2584,260,1774,4612,13187,9629,4064,13134,258,2909,8026,299,"barwon",18,23,28,28,35,26,28,48,32,48,4520,"as.numeric(as.character(inc$Value))",2096,1848,721,2642,2792,3624,2934,2388
"56",56,"MURRINDINDI","as.numeric(as.character(cr2$Incidents.Recorded))",22,590,184,3,4,2,128,106,110,604,696,1376,115,NA,26,60,168,NA,178,437,35,NA,73,150,1,57,42,20,"Value",51.5,54.3,5.1,1093,1050,124,2438,234,402,3389,2157,232,1419,4028,10896,7849,4269,11546,216,2801,6272,318,"hume",16,16,18,16,19,24,11,25,27,34,5187,"as.numeric(as.character(inc$Value))",1776,1538,578,2774,2554,3028,2374,1616
"57",57,"NILLUMBIK","as.numeric(as.character(cr2$Incidents.Recorded))",12,1408,391,12,56,2,336,158,222,3053,2409,5951,512,NA,70,49,378,NA,197,272,77,2,139,724,NA,13,22,23,"Value",66.2,69.2,4.3,5386,9307,367,8087,876,1520,18981,12078,1917,5048,15747,52002,39693,13146,49213,2761,9333,34033,1457,"north/west",54,57,36,41,75,51,69,107,152,133,16488,"as.numeric(as.character(inc$Value))",8558,8552,3991,6360,6968,10094,9412,8170
"58",58,"NORTHERN GRAMPIANS","as.numeric(as.character(cr2$Incidents.Recorded))",4,1064,216,7,4,5,203,134,171,1462,571,1568,128,NA,70,47,545,NA,234,523,114,NA,119,543,NA,11,41,23,"Value",49.9,52.7,5.2,700,720,144,1739,187,351,2794,1712,123,1259,3110,9137,6922,3914,9724,107,2074,5121,266,"grampians",18,16,12,29,27,30,19,23,23,22,7807,"as.numeric(as.character(inc$Value))",1580,1106,380,2802,2824,3086,2368,1508
"59",59,"PORT PHILLIP","as.numeric(as.character(cr2$Incidents.Recorded))",32,7069,1158,65,795,38,866,431,365,7093,10892,14546,4548,2,665,112,2597,6,1570,6826,324,22,676,2202,9,36,575,18,"Value",64.8,68.2,5.1,8494,25567,521,7197,1245,2416,40825,14466,3472,21715,50708,65530,34938,19028,89077,9781,8967,60782,3075,"southern",291,236,332,290,387,399,400,663,850,762,63538,"as.numeric(as.character(inc$Value))",6350,16240,10061,9618,10118,12080,13032,13812
"60",60,"PYRENEES","as.numeric(as.character(cr2$Incidents.Recorded))",10,295,86,2,2,NA,55,45,90,319,573,954,49,NA,26,15,68,NA,58,52,16,NA,19,110,1,7,10,18,"Value",43.8,46.6,6.2,479,422,78,1037,117,207,1483,981,85,630,1806,5520,4065,2772,6105,74,1224,2844,176,"grampians",NA,NA,8,6,6,NA,9,8,12,11,2880,"as.numeric(as.character(inc$Value))",896,530,147,1810,1740,1634,1216,718
"61",61,"QUEENSCLIFFE","as.numeric(as.character(cr2$Incidents.Recorded))",2,52,23,2,1,NA,6,4,11,183,230,525,13,NA,NA,3,10,NA,5,45,7,NA,12,22,NA,6,1,NA,"Value",41.4,42.9,3.1,333,521,12,247,53,70,506,468,105,280,850,2265,1670,1230,2523,163,306,1083,34,"barwon",0,NA,NA,0,0,NA,NA,NA,12,8,1163,"as.numeric(as.character(inc$Value))",312,420,147,470,600,824,582,338
"62",62,"SOUTH GIPPSLAND","as.numeric(as.character(cr2$Incidents.Recorded))",14,1077,313,13,13,5,250,136,126,1389,1341,2383,211,1,80,66,265,NA,199,509,58,1,115,840,NA,14,28,15,"Value",51.7,54.3,4.9,1949,2126,282,4797,461,866,6653,4671,457,3262,8653,22567,16038,8927,23581,408,5541,12810,626,"gippsland",26,27,30,20,36,36,29,46,44,72,9462,"as.numeric(as.character(inc$Value))",3670,3092,1155,5506,5770,6570,4946,3614
"63",63,"SOUTHERN GRAMPIANS","as.numeric(as.character(cr2$Incidents.Recorded))",12,900,230,4,5,2,134,104,99,1506,649,1930,167,NA,55,35,333,NA,182,696,92,NA,127,655,1,2,48,23,"Value",54.9,57.4,4.4,1080,1296,206,2511,242,479,4127,2643,236,1814,4416,12872,9623,4774,13199,233,2962,7581,335,"barwon",22,32,19,20,25,25,17,24,39,37,7991,"as.numeric(as.character(inc$Value))",2084,1804,685,3146,3564,4018,3398,2364
"64",64,"STONNINGTON","as.numeric(as.character(cr2$Incidents.Recorded))",35,4981,777,52,541,40,626,417,187,7598,10831,18070,4794,2,463,90,2055,3,970,4662,174,17,405,1643,4,34,155,20,"Value",62.2,65.6,5.2,8257,29156,408,5353,1202,2204,38154,16178,3313,21701,50206,71345,41451,24380,90965,10373,6962,59646,3112,"southern",224,134,190,190,199,291,367,498,398,413,59646,"as.numeric(as.character(inc$Value))",8670,14292,8669,9844,9788,12342,12996,12810
"65",65,"STRATHBOGIE","as.numeric(as.character(cr2$Incidents.Recorded))",4,395,116,4,7,2,84,81,64,439,545,1087,107,1,27,36,150,NA,90,151,16,NA,50,152,1,16,33,13,"Value",49.9,52.2,4.6,794,788,87,1621,161,317,2480,1580,158,1159,3127,8092,5792,3430,8763,138,1870,4578,210,"hume",7,NA,11,8,7,7,12,7,10,19,3671,"as.numeric(as.character(inc$Value))",1160,1042,345,2290,2218,2482,1846,1188
"66",66,"SURF COAST","as.numeric(as.character(cr2$Incidents.Recorded))",8,693,203,7,14,1,109,76,110,1742,1688,4338,250,NA,41,43,189,NA,95,716,50,NA,79,234,NA,20,34,4,"Value",60.3,62.7,3.8,2715,4472,211,3966,414,829,7796,5457,761,4234,10946,22632,14854,7375,23345,1071,4588,14637,558,"barwon",13,18,23,20,29,34,40,36,35,48,10744,"as.numeric(as.character(inc$Value))",3304,3386,1467,3638,3864,5170,4372,3312
"67",67,"SWAN HILL","as.numeric(as.character(cr2$Incidents.Recorded))",14,2351,319,11,30,3,322,222,217,2271,1309,3265,372,1,179,54,605,NA,460,1364,97,2,338,1796,1,7,63,24,"Value",51.5,54.3,5.1,1103,1167,189,2751,257,610,5256,2705,205,2273,5889,15371,10777,5544,16646,129,3193,9032,462,"loddon",21,24,31,14,21,31,32,48,49,52,15697,"as.numeric(as.character(inc$Value))",2440,2070,732,4000,4158,4814,4328,2650
"68",68,"TOWONG","as.numeric(as.character(cr2$Incidents.Recorded))",4,228,72,1,1,NA,68,23,35,239,186,446,24,NA,5,19,45,NA,62,146,14,NA,19,76,NA,1,8,14,"Value",53.1,55.8,4.6,450,408,77,1100,106,216,1551,899,88,611,1595,4793,3628,1846,5023,70,1288,2805,129,"hume",NA,NA,NA,NA,6,8,NA,NA,NA,7,1736,"as.numeric(as.character(inc$Value))",788,658,220,1302,1338,1426,1062,792
"69",69,"WANGARATTA","as.numeric(as.character(cr2$Incidents.Recorded))",17,1847,300,10,12,5,321,235,236,2397,1083,4222,389,1,220,108,751,2,429,2111,136,3,337,1200,3,7,64,92,"Value",54.4,57,4.6,2149,2334,283,4499,431,812,7163,4645,522,3195,8511,22426,16091,8140,23209,421,5211,13229,615,"hume",22,20,15,28,29,33,44,43,60,72,16538,"as.numeric(as.character(inc$Value))",3684,3144,1047,5316,5694,6386,5684,3760
"70",70,"WARRNAMBOOL","as.numeric(as.character(cr2$Incidents.Recorded))",4,2631,463,21,44,3,415,292,197,3676,1874,4889,659,NA,259,65,778,3,507,1569,157,1,382,1735,5,9,184,19,"Value",56.6,59.8,5.2,2275,3128,347,5052,440,966,8643,5990,595,4830,12064,25378,17009,9029,27546,567,5838,16460,863,"barwon",92,80,81,90,79,74,61,80,96,127,20841,"as.numeric(as.character(inc$Value))",4250,3876,1614,5822,5916,7392,6460,4520
"71",71,"WELLINGTON","as.numeric(as.character(cr2$Incidents.Recorded))",16,3380,664,19,33,7,672,254,447,3990,4178,7240,655,1,140,128,576,NA,574,1088,216,NA,396,2024,4,22,64,30,"Value",50.7,54.1,6.2,2739,2930,434,7325,625,1254,10425,6264,621,5153,13275,32746,22979,13474,35358,503,8381,19141,1196,"gippsland",48,88,57,68,62,57,52,105,87,207,26818,"as.numeric(as.character(inc$Value))",5388,4418,1670,8142,8068,9132,6934,4868
"72",72,"WEST WIMMERA","as.numeric(as.character(cr2$Incidents.Recorded))",2,111,59,NA,NA,NA,26,21,16,124,119,296,20,NA,8,17,73,NA,31,52,9,NA,15,36,1,1,5,7,"Value",57.5,59.8,3.7,262,254,54,546,59,130,1134,596,46,337,913,3280,2554,1101,3234,37,657,1933,72,"grampians",NA,NA,NA,5,14,6,9,13,5,10,1049,"as.numeric(as.character(inc$Value))",466,504,166,878,904,1044,786,618
"73",73,"WHITEHORSE","as.numeric(as.character(cr2$Incidents.Recorded))",19,4049,1033,60,562,38,662,289,306,6796,9722,20744,3168,4,262,115,911,3,699,1165,205,7,373,1708,1,51,58,22,"Value",55.4,59.6,7,13729,31686,803,12082,1988,3251,43946,27500,4649,24753,59267,126343,87044,48748,134835,12049,14879,80308,5603,"eastern",188,141,188,196,338,393,429,340,452,415,53032,"as.numeric(as.character(inc$Value))",21100,19042,8947,23462,23186,27932,23422,19276
"74",74,"WHITTLESEA","as.numeric(as.character(cr2$Incidents.Recorded))",37,8700,1086,111,486,35,1900,885,904,2195,9307,13507,4495,4,647,333,2174,3,1437,986,222,14,920,3910,8,136,68,34,"Value",57,61.4,7.2,14732,19539,1538,23955,2686,4951,54957,28649,2291,27989,74181,153635,96943,52079,155311,6077,28173,95424,6868,"north/west",100,111,145,151,239,166,292,300,323,383,54544,"as.numeric(as.character(inc$Value))",20720,20584,8645,30034,21814,27338,28430,23426
"75",75,"WODONGA","as.numeric(as.character(cr2$Incidents.Recorded))",14,2514,500,23,43,4,390,236,418,3835,2692,7154,668,NA,177,60,668,NA,511,877,178,2,381,1645,2,14,24,24,"Value",58.3,62,6,3031,2888,497,6760,639,1010,11212,5977,620,6649,15920,28994,17947,9878,31242,605,7897,19357,1160,"hume",36,43,37,53,50,41,42,56,59,52,23054,"as.numeric(as.character(inc$Value))",4404,4886,1954,5846,5794,7442,7500,5576
"76",76,"WYNDHAM","as.numeric(as.character(cr2$Incidents.Recorded))",60,7724,1172,102,736,37,1159,773,982,3063,8126,12073,3587,2,582,381,1767,NA,1565,1627,328,11,753,4766,4,69,70,34,"Value",60.3,65.7,8.2,16407,25378,1516,23771,2697,5049,64576,28789,2846,34795,90488,162659,92801,47091,163311,11693,27982,107237,8831,"north/west",110,155,131,176,155,214,217,286,323,455,51553,"as.numeric(as.character(inc$Value))",19468,23776,10738,20998,17654,24816,27600,25008
"77",77,"YARRA","as.numeric(as.character(cr2$Incidents.Recorded))",29,6402,912,73,1025,35,686,392,329,7566,11211,14632,5476,9,1204,120,4036,1,2151,5325,277,14,548,3035,10,37,141,25,"Value",66,69.6,5.3,5891,24009,388,4993,842,2145,35363,13272,3440,19138,43492,56975,31133,16269,76983,9631,6224,53597,2814,"north/west",213,234,258,164,197,157,229,237,230,296,65701,"as.numeric(as.character(inc$Value))",6780,12476,7938,11236,9846,10774,10476,10520
"78",78,"YARRA RANGES","as.numeric(as.character(cr2$Incidents.Recorded))",32,4934,1301,55,215,19,822,496,841,7475,6717,18362,1747,NA,366,227,1423,3,1114,1531,315,4,541,2906,3,138,209,61,"Value",61.5,64.4,4.6,12823,14472,1326,25551,2325,4162,44084,26167,2908,15058,44408,122871,88301,37029,121080,3346,29201,77988,3572,"eastern",113,148,115,131,177,260,292,518,493,481,51857,"as.numeric(as.character(inc$Value))",19820,20368,8191,21380,22666,29216,26906,21546
"79",79,"YARRIAMBIACK","as.numeric(as.character(cr2$Incidents.Recorded))",4,381,113,1,2,1,67,22,32,440,360,623,65,NA,13,20,50,NA,51,164,31,NA,36,153,NA,5,10,8,"Value",46.8,49.2,4.9,414,361,75,1003,101,188,1528,911,62,571,1627,5439,4156,2371,5618,42,1176,2762,136,"grampians",15,10,8,7,14,6,10,7,7,13,2652,"as.numeric(as.character(inc$Value))",906,704,197,1610,1814,1748,1300,854
